{
    "easycom" : {
        "^u-(.*)" : "@/uview-ui/components/u-$1/u-$1.vue"
    },
    "pages" : [
        //pages数组中第一项表示应用启动页，参考：https://uniapp.dcloud.io/collocation/pages
        {
            "path" : "pages/index/index",
            "style" : {
                //"navigationBarTitleText": "uni-app" 
                "navigationStyle" : "custom", //隐藏头部导航位置  66CCFF
                //"navigationBarBackgroundColor": "#66CCFF",
                //"navigationBarTitleText": "",
                "h5" : {},
                "mp-weixin" : {}
            }
        },
		{
		    "path" : "pages/user/index", //用户中心
		    "style" : {
		        "navigationStyle" : "custom" //隐藏头部导航位置
		    }
		},
        {
            "path" : "pages/product/product", //商品列表
            "style" : {
                "navigationStyle" : "custom" //隐藏头部导航位置
            }
        },
        {
            "path" : "pages/product/product_show", //商品详情
            "style" : {
                "navigationStyle" : "custom" //隐藏头部导航位置
            }
        },
        {
            "path" : "pages/product/category", //商品分类
            "style" : {
                "navigationStyle" : "custom", //隐藏头部导航位置
                "navigationBarTextStyle" : "white"
            }
        },       
        {
            "path" : "pages/orders/orders", //订单
            "style" : {
                "navigationStyle" : "custom" //隐藏头部导航位置
            }
        },
        {
            "path" : "pages/shop_cart/shop_cart", //购物车
            "style" : {
                "navigationStyle" : "custom" //隐藏头部导航位置
            }
        },
		{
		    "path" : "pages/shop_cart/fresh_cart", //生鲜购物车
		    "style" : {
		        "navigationStyle" : "custom" //隐藏头部导航位置
		    }
		},
        {
            "path" : "pages/shop_cart/pay_order", //提交订单
            "style" : {
                "navigationStyle" : "custom" //隐藏头部导航位置
            }
        },
		{
		    "path" : "pages/shop_cart/fresh_order", //生鲜提交订单
		    "style" : {
		        "navigationStyle" : "custom" //隐藏头部导航位置
		    }
		},
        {
            "path" : "pages/shop_cart/pay_success", //提交订单成功
            "style" : {
                "navigationStyle" : "custom" //隐藏头部导航位置
            }
        },
        {
            "path" : "pages/shop_cart/buy", //立即购买
            "style" : {
                "navigationStyle" : "custom" //隐藏头部导航位置
            }
        },
		{
		    "path" : "pages/shop_cart/fresh_buy", //生鲜立即购买
		    "style" : {
		        "navigationStyle" : "custom" //隐藏头部导航位置
		    }
		},
		{
		    "path" : "pages/shop_cart/ac_buy", //非常规商品下单
		    "style" : {
		        "navigationStyle" : "custom" //隐藏头部导航位置
		    }
		},
        {
            "path" : "pages/shop/shop", //店铺首页
            "style" : {
                "navigationStyle" : "custom" //隐藏头部导航位置
            }
        },
        {
            "path" : "pages/shop/staff", //绑定核销页
            "style" : {
                "navigationStyle" : "custom" //隐藏头部导航位置
            }
        },
        {
            "path" : "pages/shop/payee", //绑定收款人
            "style" : {
                "navigationStyle" : "custom" //隐藏头部导航位置
            }
        }      
    ],
    "subPackages" : [
        {
            "root" : "pages2",
            "pages" : [
                {
                    "path" : "service/index", //核销首页
                    "style" : {
                        "navigationStyle" : "custom" //隐藏头部导航位置
                    }
                },
                {
                    "path" : "service/service_show_orders", //核销订单详情
                    "style" : {
                        "navigationStyle" : "custom" //隐藏头部导航位置
                    }
                },
                {
                    "path" : "service/scan_user_qrcode", //用户取货码指向页面
                    "style" : {
                        "navigationStyle" : "custom" //隐藏头部导航位置
                    }
                },
                {
                    "path" : "service/hex_show_orders", //核销订单详情
                    "style" : {
                        "navigationStyle" : "custom" //隐藏头部导航位置
                    }
                },
                {
                    "path" : "service/scan_receipts", //扫描小票码
                    "style" : {
                        "navigationStyle" : "custom" //隐藏头部导航位置
                    }
                }
            ]
        },
        {
            "root" : "pages3",
            "pages" : [
                {
                    "path" : "act/index", //活动首页
                    "style" : {
                        "navigationStyle" : "custom" //隐藏头部导航位置
                    }
                },
				{
				    "path" : "fresh/index", //生鲜分类首页
				    "style" : {
				        "navigationStyle" : "custom" //隐藏头部导航位置
				    }
				},
				{
				    "path" : "fresh/fresh_list", //生鲜列表首页
				    "style" : {
				        "navigationStyle" : "custom" //隐藏头部导航位置
				    }
				},
				{
				    "path" : "fresh/fresh_show", //生鲜详情首页
				    "style" : {
				        "navigationStyle" : "custom" //隐藏头部导航位置
				    }
				},
                {
                    "path" : "ys/index", //预售
                    "style" : {
                        "navigationStyle" : "custom" //隐藏头部导航位置
                    }
                },
                {
                    "path" : "tg/index", //团购
                    "style" : {
                        "navigationStyle" : "custom" //隐藏头部导航位置
                    }
                },
                {
                    "path" : "show_product/index", //详情
                    "style" : {
                        "navigationStyle" : "custom" //隐藏头部导航位置
                    }
                }
                
            ]
        },
		{
			"root" : "pages4",
			"pages" : [				
				{
				    "path" : "users/address", //用户地址列表
				    "style" : {
				        "navigationStyle" : "custom" //隐藏头部导航位置
				    }
				},
				{
				    "path" : "users/address_add", //用户地址添加
				    "style" : {
				        "navigationStyle" : "custom" //隐藏头部导航位置
				    }
				},
				{
				    "path" : "users/address_edit", //用户地址编辑
				    "style" : {
				        "navigationStyle" : "custom" //隐藏头部导航位置
				    }
				},
				{
				    "path" : "users/qrcode_user", //用户取货码
				    "style" : {
				        "navigationStyle" : "custom" //隐藏头部导航位置
				    }
				},
				{
				    "path" : "users/user_reg", //用户注册
				    "style" : {
				        //"navigationStyle":"custom"//隐藏头部导航位置
				        "navigationBarTitleText" : "用户注册",
				        "navigationBarBackgroundColor" : "#2979ff",
				        "navigationBarTextStyle" : "white"
				    }
				},				 		 
				{
				    "path" : "users/user_info", //用户信息编辑
				    "style" : {
				        "navigationStyle" : "custom" //隐藏头部导航位置				 
				    }
				},
				{
				    "path" : "users/user_coupon", //用户卡券
				    "style" : {
				        "navigationStyle" : "custom" //隐藏头部导航位置				 
				    }
				},
				{
				    "path" : "users/fav_goods", //收藏商品列表
				    "style" : {
				        "navigationStyle" : "custom" //隐藏头部导航位置
				    }
				},
				{
				    "path" : "users/fav_shop", //收藏商铺列表
				    "style" : {
				        "navigationStyle" : "custom" //隐藏头部导航位置
				    }
				}
			]
		}
		
    ],
    /* "preloadRule": {
	    "pages2/service/index": {
	        "network": "all",
	        "packages": ["__APP__"]
	    }	        
	 }, */
    "preloadRule" : {
        "pages2/service/index" : {
            //想要实现预加载的页面名称
            "network" : "all", //指定网络 all 不限网络   wifi：仅wifi
            "packages" : [ "pages2" ] //分包的 root 或 name
        }
    },
    "globalStyle" : {
        "navigationBarTextStyle" : "black",
        "navigationBarTitleText" : "社区超市",
        "navigationBarBackgroundColor" : "#F8F8F8",
        "backgroundColor" : "#F8F8F8"
    },
    "tabBar" : {
        "list" : [
            {
                "pagePath" : "pages/index/index"
            },
            {
                "pagePath" : "pages/product/category"
            },
            {
                "pagePath" : "pages/user/index"
            },
            {
                "pagePath" : "pages/shop_cart/shop_cart"
            },
            {
                "pagePath" : "pages/orders/orders"
            }
        ]
    }
}
